class,gender,neet_prep_duration,additional_coaching,self_study_hours,weekend_study,hardest_subject,mock_tests_per_month,mistake_review,sleep_hours,sleep_time,phone_hours,phone_before_sleep,stress_level,confidence_level,physical_activity,extra_activities,activity_hours,mental_state,mock_score_range,score_trend,target_score_range,self_study_hours_mid,avg_sleep_hours,avg_phone_hours,avg_activity_hours,mock_score_mid,target_score_mid
12th,Female,6-12 months,No,2-4 hrs,"Yes, but less",Physics,1-2,Sometimes,7-8hrs,12am-2am,2-4hrs,Yes,3,3,Occasionally,Yes,1-2hrs,Burn Out,70-85%,Same,650-700,3,7.5,3.0,1.5,77.5,675
11th,Female,Less than 6 months,No,2-4 hrs,"Yes, but less",Mathematics,0,Always,7-8hrs,10pm-12am,1-2hrs,Yes,5,5,"Yes, regularly",No,Less than 1 hr,Neutral,50-70%,Haven't tracked,700+,3,7.5,1.5,0.5,60.0,725
12th,Female,6-12 months,Yes,4-6hrs,"Yes, but less",Physics,3-5,Always,5-6hrs,12am-2am,Less than 1hr,No,4,4,"Yes, regularly",Yes,1-2hrs,Anxious,70-85%,Improving,500-600,5,5.5,0.5,1.5,77.5,550
12th,Female,1-2 years,Yes,2-4 hrs,"Yes, same as weekdays",Physics,3-5,Sometimes,6-7hrs,12am-2am,2-4hrs,Yes,5,3,Occasionally,Yes,1-2hrs,Struggling,50-70%,Declining,500-600,3,6.5,3.0,1.5,60.0,550
12th,Female,1-2 years,No,4-6hrs,More than weekdays,Physics,3-5,Sometimes,5-6hrs,12am-2am,1-2hrs,Yes,4,2,Occasionally,Yes,Less than 1 hr,Burn Out,50-70%,Same,600-650,5,5.5,1.5,0.5,60.0,625
11th,Female,Less than 6 months,No,2-4 hrs,"Yes, but less",Chemistry,1-2,Sometimes,5-6hrs,12am-2am,2-4hrs,Yes,4,3,Occasionally,No,Less than 1 hr,Neutral,Above 85%,Haven't tracked,650-700,3,5.5,3.0,0.5,90.0,675
12th,Female,6-12 months,No,4-6hrs,More than weekdays,Chemistry,1-2,Always,7-8hrs,10pm-12am,1-2hrs,Yes,4,3,Rarely,No,Less than 1 hr,Neutral but stressed ,30-50%,Improving,500-600,5,7.5,1.5,0.5,40.0,550
12th,Male,6-12 months,No,4-6hrs,No,Physics,1-2,Always,Less than 5hrs,After 2am,1-2hrs,Yes,5,1,Rarely,Yes,1-2hrs,Struggling,50-70%,Improving,500-600,5,4.0,1.5,1.5,60.0,550
12th,Female,1-2 years,No,4-6hrs,More than weekdays,Physics,1-2,Sometimes,7-8hrs,10pm-12am,Less than 1hr,Sometimes,4,3,Occasionally,Yes,Less than 1 hr,Struggling,70-85%,Same,650-700,5,7.5,0.5,0.5,77.5,675
12th,Female,1-2 years,No,2-4 hrs,More than weekdays,Chemistry,3-5,Sometimes,6-7hrs,10pm-12am,2-4hrs,Yes,5,2,Rarely,No,Less than 1 hr,Struggling,50-70%,Same,600-650,3,6.5,3.0,0.5,60.0,625
12th,Female,1-2 years,Yes,More than 6 hrs,"Yes, but less",Physics,1-2,Sometimes,6-7hrs,12am-2am,More than 4hrs,Yes,4,3,Occasionally,No,Less than 1 hr,Neutral,70-85%,Improving,650-700,7,6.5,5.0,0.5,77.5,675
12th,Male,1-2 years,No,4-6hrs,"Yes, but less",Biology,3-5,Always,6-7hrs,10pm-12am,2-4hrs,Yes,4,3,Rarely,Yes,1-2hrs,Neutral,70-85%,Same,650-700,5,6.5,3.0,1.5,77.5,675
12th,Male,1-2 years,Yes,2-4 hrs,More than weekdays,Chemistry,3-5,Rarely,5-6hrs,12am-2am,1-2hrs,Yes,5,1,"Yes, regularly",Yes,1-2hrs,Struggling,Below 30%,Declining,500-600,3,5.5,1.5,1.5,20.0,550
12th,Male,6-12 months,No,2-4 hrs,No,Physics,3-5,Sometimes,5-6hrs,10pm-12am,1-2hrs,Yes,3,4,"Yes, regularly",Yes,1-2hrs,Neutral,70-85%,Improving,650-700,3,5.5,1.5,1.5,77.5,675
12th,Female,6-12 months,No,4-6hrs,"Yes, but less",Chemistry,3-5,Always,5-6hrs,12am-2am,2-4hrs,No,3,4,Occasionally,Yes,1-2hrs,Neutral,70-85%,Improving,650-700,5,5.5,3.0,1.5,77.5,675
12th,Male,6-12 months,No,2-4 hrs,"Yes, same as weekdays",Physics,3-5,Rarely,6-7hrs,12am-2am,More than 4hrs,Yes,5,2,"Yes, regularly",Yes,1-2hrs,Struggling,50-70%,Same,600-650,3,6.5,5.0,1.5,60.0,625
12th,Male,1-2 years,No,4-6hrs,"Yes, but less",Physics,3-5,Always,6-7hrs,10pm-12am,1-2hrs,Yes,3,5,Occasionally,No,Less than 1 hr,Motivated,70-85%,Improving,600-650,5,6.5,1.5,0.5,77.5,625
11th,Female,Less than 6 months,Yes,Less than 2hrs,"Yes, but less",Mathematics,1-2,Sometimes,5-6hrs,12am-2am,2-4hrs,No,3,3,"Yes, regularly",Yes,1-2hrs,Neutral,50-70%,Haven't tracked,700+,1,5.5,3.0,1.5,60.0,725
12th,Female,6-12 months,No,2-4 hrs,More than weekdays,Physics,3-5,Always,Less than 5hrs,After 2am,1-2hrs,Sometimes,4,3,Occasionally,Yes,1-2hrs,Anxious,70-85%,Improving,650-700,3,4.0,1.5,1.5,77.5,675
12th,Female,1-2 years,No,2-4 hrs,"Yes, but less",Physics,3-5,Sometimes,5-6hrs,12am-2am,1-2hrs,Yes,3,3,Occasionally,Yes,Less than 1 hr,Burn Out,50-70%,Same,500-600,3,5.5,1.5,0.5,60.0,550
11th,Male,Less than 6 months,No,2-4 hrs,More than weekdays,Chemistry,0,Sometimes,6-7hrs,12am-2am,2-4hrs,Sometimes,4,5,Occasionally,Yes,1-2hrs,Struggling,50-70%,Haven't tracked,700+,3,6.5,3.0,1.5,60.0,725
11th,Female,Less than 6 months,No,Less than 2hrs,More than weekdays,Chemistry,3-5,Sometimes,5-6hrs,12am-2am,1-2hrs,Sometimes,5,3,Rarely,Yes,Less than 1 hr,Burn Out,Above 85%,Declining,700+,1,5.5,1.5,0.5,90.0,725
11th,Male,Less than 6 months,No,2-4 hrs,"Yes, same as weekdays",Physics,3-5,Always,5-6hrs,10pm-12am,1-2hrs,Sometimes,2,4,"Yes, regularly",Yes,1-2hrs,Motivated,Above 85%,Haven't tracked,650-700,3,5.5,1.5,1.5,90.0,675
11th,Male,Less than 6 months,No,Less than 2hrs,"Yes, but less",Biology,0,Rarely,6-7hrs,10pm-12am,More than 4hrs,Yes,1,5,"Yes, regularly",Yes,1-2hrs,Burn Out,50-70%,Improving,700+,1,6.5,5.0,1.5,60.0,725
12th,Male,1-2 years,No,2-4 hrs,More than weekdays,Physics,3-5,Rarely,6-7hrs,10pm-12am,Less than 1hr,Sometimes,1,4,Never,No,Less than 1 hr,Neutral,30-50%,Declining,650-700,3,6.5,0.5,0.5,40.0,675
12th,Male,6-12 months,No,4-6hrs,"Yes, but less",Physics,3-5,Sometimes,6-7hrs,12am-2am,1-2hrs,Yes,2,5,Occasionally,No,More than 2hrs,Motivated,70-85%,Improving,500-600,5,6.5,1.5,3.0,77.5,550
11th,Male,Less than 6 months,No,Less than 2hrs,"Yes, but less",Physics,0,Rarely,Less than 5hrs,After 2am,More than 4hrs,Yes,3,5,Occasionally,No,Less than 1 hr,Burn Out,Below 30%,Declining,700+,1,4.0,5.0,0.5,20.0,725
11th,Female,Less than 6 months,No,2-4 hrs,More than weekdays,Physics,3-5,Sometimes,7-8hrs,12am-2am,2-4hrs,Yes,5,4,Rarely,Yes,Less than 1 hr,Struggling,70-85%,Haven't tracked,600-650,3,7.5,3.0,0.5,77.5,625
12th,Female,6-12 months,No,4-6hrs,More than weekdays,Physics,3-5,Sometimes,5-6hrs,10pm-12am,1-2hrs,Sometimes,5,4,"Yes, regularly",Yes,1-2hrs,Struggling,30-50%,Improving,650-700,5,5.5,1.5,1.5,40.0,675
Gap year,Female,More than 2 years,Yes,More than 6 hrs,More than weekdays,Mathematics,3-5,Sometimes,5-6hrs,After 2am,2-4hrs,Yes,5,1,Rarely,Yes,Less than 1 hr,Anxious,70-85%,Same,600-650,7,5.5,3.0,0.5,77.5,625
11th,Male,Less than 6 months,Yes,2-4 hrs,"Yes, same as weekdays",Physics,3-5,Sometimes,5-6hrs,After 2am,1-2hrs,No,3,5,"Yes, regularly",Yes,1-2hrs,Burn Out,70-85%,Haven't tracked,600-650,3,5.5,1.5,1.5,77.5,625
11th,Female,Less than 6 months,No,2-4 hrs,"Yes, but less",Physics,3-5,Sometimes,5-6hrs,10pm-12am,2-4hrs,Yes,5,3,Occasionally,Yes,Less than 1 hr,Struggling,30-50%,Declining,650-700,3,5.5,3.0,0.5,40.0,675
11th,Female,Less than 6 months,No,Less than 2hrs,"Yes, but less",Chemistry,More than 5,Sometimes,6-7hrs,10pm-12am,1-2hrs,Sometimes,3,5,"Yes, regularly",Yes,1-2hrs,Neutral,70-85%,Declining,650-700,1,6.5,1.5,1.5,77.5,675
11th,Male,Less than 6 months,No,2-4 hrs,More than weekdays,Physics,0,Sometimes,7-8hrs,10pm-12am,1-2hrs,Yes,3,5,"Yes, regularly",Yes,1-2hrs,Very focused,Above 85%,Haven't tracked,700+,3,7.5,1.5,1.5,90.0,725
11th,Female,Less than 6 months,Yes,2-4 hrs,More than weekdays,Chemistry,3-5,Sometimes,7-8hrs,10pm-12am,1-2hrs,Yes,3,3,Rarely,No,Less than 1 hr,Neutral,70-85%,Same,650-700,3,7.5,1.5,0.5,77.5,675
11th,Female,Less than 6 months,No,Less than 2hrs,More than weekdays,Chemistry,3-5,Sometimes,5-6hrs,12am-2am,2-4hrs,Sometimes,3,4,Occasionally,Yes,Less than 1 hr,Burn Out,70-85%,Improving,650-700,1,5.5,3.0,0.5,77.5,675
11th,Male,Less than 6 months,No,Less than 2hrs,"Yes, but less",Chemistry,3-5,Sometimes,7-8hrs,10pm-12am,2-4hrs,Yes,2,5,"Yes, regularly",Yes,1-2hrs,Neutral,Above 85%,Same,700+,1,7.5,3.0,1.5,90.0,725
11th,Female,Less than 6 months,No,More than 6 hrs,More than weekdays,Biology,0,Always,5-6hrs,After 2am,1-2hrs,Sometimes,1,4,Rarely,No,Less than 1 hr,Neutral,Above 85%,Improving,650-700,7,5.5,1.5,0.5,90.0,675
11th,Male,Less than 6 months,No,2-4 hrs,"Yes, but less",Physics,3-5,Always,7-8hrs,10pm-12am,1-2hrs,Yes,3,2,Occasionally,Yes,More than 2hrs,Motivated,Above 85%,Improving,650-700,3,7.5,1.5,3.0,90.0,675
11th,Female,Less than 6 months,No,Less than 2hrs,More than weekdays,Chemistry,3-5,Always,6-7hrs,12am-2am,More than 4hrs,Yes,4,3,Occasionally,Yes,Less than 1 hr,Burn Out,70-85%,Improving,600-650,1,6.5,5.0,0.5,77.5,625
11th,Female,Less than 6 months,No,2-4 hrs,"Yes, but less",Physics,3-5,Sometimes,7-8hrs,12am-2am,1-2hrs,Sometimes,4,1,Occasionally,Yes,Less than 1 hr,Burn Out,70-85%,Same,700+,3,7.5,1.5,0.5,77.5,725
11th,Female,Less than 6 months,Yes,Less than 2hrs,More than weekdays,Chemistry,3-5,Sometimes,7-8hrs,10pm-12am,1-2hrs,Sometimes,3,1,Rarely,Yes,1-2hrs,Anxious,50-70%,Declining,650-700,1,7.5,1.5,1.5,60.0,675
11th,Male,Less than 6 months,No,2-4 hrs,More than weekdays,Physics,3-5,Always,More than 8hrs,10pm-12am,1-2hrs,Yes,3,3,"Yes, regularly",Yes,1-2hrs,Motivated,50-70%,Improving,600-650,3,9.0,1.5,1.5,60.0,625
11th,Male,Less than 6 months,No,2-4 hrs,"Yes, but less",Chemistry,3-5,Always,6-7hrs,10pm-12am,1-2hrs,No,3,4,Occasionally,Yes,Less than 1 hr,Anxious,70-85%,Improving,650-700,3,6.5,1.5,0.5,77.5,675
